FormKey,PageOrder,QuestionOrder,QuestionType,QuestionText,QuestionKey,Required,PlaceholderText,HelperText
HB2025,1,1,control_head,Client- Quotation Form,cid_1,No,,"At Home Bites, we understand that every occasion is unique..."
HB2025,1,2,control_checkbox,Event Type?,id_10,Yes,,Max Selections: 1; Min Selections: 1
HB2025,2,1,control_address,Billing Address,id_5,No,"Street Address;Street Address Line 2;City;State / Province;Postal / Zip Code",
HB2025,2,2,control_fullname,Name,id_3,No,"First Name;Last Name",
HB2025,2,3,control_email,Email,id_4,No,example@example.com,
HB2025,2,4,control_phone,Phone Number,id_6,No,Please enter a valid phone number.,Mask: (###) ###-####
HB2025,2,5,control_datetime,What is the date of your event,id_15,Yes,"Month;Day;Year",
HB2025,2,6,control_radio,Do you have a Discount Promo Code,id_710,No,,
HB2025,2,7,control_textbox,Enter code here,id_711,No (conditionally),,
HB2025,2,8,control_number,Discount percent,id_712,No (conditionally),,This field is likely for calculation.
HB2025,2,9,control_radio,Have you secured a venue?,id_20,No (conditionally),,
HB2025,2,10,control_textbox,What is the name of your venue?,id_430,Yes (conditionally),,
HB2025,2,11,control_address,What is the location of your venue?,id_21,No (conditionally),"Street Address;Street Address Line 2;City;State / Province;Postal / Zip Code",
HB2025,2,12,control_time,What is the start time of your event?,id_513,Yes,"Hour;Minutes;AM/PM Option",
HB2025,2,13,control_time,What is the end time of your event?,id_514,Yes,"Hour;Minutes;AM/PM Option",
HB2025,3,1,control_time,What is the start time of your ceremony,id_564,Yes (conditionally),"Hour;Minutes;AM/PM Option",
HB2025,3,2,control_time,What is the end time of your ceremony,id_565,Yes (conditionally),"Hour;Minutes;AM/PM Option",
HB2025,3,3,control_radio,Set-up before Ceremony start time?,id_566,No (conditionally),,
HB2025,3,4,control_radio,Cocktail Hour?,id_604,No (conditionally),,
HB2025,3,5,control_time,What is the start time of your Cocktail/Appetizer service?,id_605,Yes (conditionally),"Hour;Minutes;AM/PM Option",
HB2025,3,6,control_time,What is the end time of your Cocktail/Appetizer service?,id_606,Yes (conditionally),"Hour;Minutes;AM/PM Option",
HB2025,3,7,control_radio,Main Course Service,id_607,No (conditionally),,
HB2025,3,8,control_time,What is the start time of your Food service?,id_17,Yes (conditionally),"Hour;Minutes;AM/PM Option",
HB2025,3,9,control_time,What is the end time of your Food service?,id_16,Yes (conditionally),"Hour;Minutes;AM/PM Option",
HB2025,4,1,control_number,How many guests are you hosting?,id_19,Yes,,
HB2025,4,2,control_text,Tastings Note 1,id_558,No,,Tastings are billed at $75.00... (Hidden if guest count < 75)
HB2025,4,3,control_text,Tastings Note 2,id_559,No,,(Hidden if guest count < 100 - content not specified in PDF snippet for this ID)
HB2025,4,4,control_checkbox,Service Style,id_39,Yes,,Family Style Service- (not available for Taco Fiesta)
HB2025,5,1,control_checkbox,What would like a quote for:,id_23,Yes,,Max Selections: 1; Min Selections: 1
HB2025,6,1,control_head,Taco Fiesta,id_52,No,,Bronze package not available for a guest count lower than 50
HB2025,6,2,control_checkbox,Please select a package,id_25,Yes (conditionally),,Max Selections: 1; Min Selections: 1
HB2025,6,3,control_checkbox,Taco Fiesta - Bronze - Protein Choose 3 Proteins,id_8,Yes (conditionally),,Max Selections: 3; Min Selections: 3
HB2025,6,4,control_checkbox,Taco Fiesta Sides - Bronze Choose 2 Sides,id_29,Yes (conditionally),,Max Selections: 2; Min Selections: 2
HB2025,6,5,control_checkbox,Taco Fiesta - Bronze - Salsas - Choose 3 Salsas,id_31,Yes (conditionally),,Max Selections: 3; Min Selections: 3
HB2025,6,6,control_checkbox,Taco Fiesta - Bronze Choose 4 Condiments,id_33,Yes (conditionally),,Max Selections: 5; Min Selections: 4 (Note: Label says Choose 4)
HB2025,6,7,control_checkbox,Taco Fiesta - Silver - Protein - Make 4 choices.,id_57,Yes (conditionally),,Max Selections: 4; Min Selections: 3 (Note: Label says Make 4)
HB2025,6,8,control_checkbox,Taco Fiesta - Silver - Sides - Make 3 choices.,id_62,Yes (conditionally),,Max Selections: 3; Min Selections: 3
HB2025,6,9,control_checkbox,Taco Fiesta - Silver - Salsas - Choose 4 Salsas,id_70,Yes (conditionally),,Max Selections: 4; Min Selections: 3 (Note: Label says Choose 4)
HB2025,6,10,control_checkbox,Taco Fiesta Condiments - Silver- Choose 6 Condiments,id_77,Yes (conditionally),,Max Selections: 6; Min Selections: 5 (Note: Label says Choose 6)
HB2025,6,11,control_checkbox,Taco Fiesta - Gold - Protein - Make 4 choices.,id_58,Yes (conditionally),,Max Selections: 4; Min Selections: 4
HB2025,6,12,control_checkbox,Taco Fiesta - Gold - Sides - Make 4 choices.,id_61,Yes (conditionally),,Max Selections: 4; Min Selections: 4
HB2025,6,13,control_checkbox,Taco Fiesta - Gold - Salsas - Choose 4 Salsas,id_75,Yes (conditionally),,Max Selections: 4; Min Selections: 4
HB2025,6,14,control_checkbox,Taco Fiesta Condiments - Gold- Choose 6 Condiments,id_81,Yes (conditionally),,Max Selections: 6; Min Selections: 6
HB2025,6,15,control_checkbox,Taco Fiesta - Diamond - Protein - Make 5 choices.,id_59,Yes (conditionally),,Max Selections: 5; Min Selections: 5
HB2025,6,16,control_checkbox,Taco Fiesta - Diamond - Sides - Make 5 choices.,id_60,Yes (conditionally),,Max Selections: 5; Min Selections: 5
HB2025,6,17,control_checkbox,Taco Fiesta - Diamond- Salsas - Choose 5 Salsas,id_76,Yes (conditionally),,Max Selections: 5; Min Selections: 3 (Note: Label says Choose 5)
HB2025,6,18,control_checkbox,Taco Fiesta Condiments - Diamond- Choose 7 Condiments,id_82,Yes (conditionally),,Max Selections: 7; Min Selections: 5 (Note: Label says Choose 7)
HB2025,7,1,control_head,American BBQ,Header_AmericanBBQ_Package,No,,Bronze package not available for a guest count lower than 50
HB2025,7,2,control_checkbox,American BBQ - Please select a package,id_38,Yes (conditionally),,Max Selections: 1; Min Selections: 1
HB2025,7,3,control_checkbox,American BBQ - Bronze - Protein choice - Pick 3,id_89,Yes (conditionally),,Max Selections: 3; Min Selections: 3
HB2025,7,4,control_checkbox,American BBQ - Bronze - Side choice - Pick 2,id_118,Yes (conditionally),,Max Selections: 2; Min Selections: 2
HB2025,7,5,control_checkbox,American BBQ - Bronze - Salad choice - Pick 2,id_119,Yes (conditionally),,Max Selections: 2; Min Selections: 2
HB2025,7,6,control_checkbox,American BBQ - Bronze - Sauce choice - Pick 2,id_120,Yes (conditionally),,Max Selections: 2; Min Selections: 2
HB2025,7,7,control_checkbox,American BBQ - Bronze - Condiment choice - Pick 3,id_121,Yes (conditionally),,Max Selections: 3; Min Selections: 3
HB2025,8,1,control_head,A Taste of Greece,Header_TasteOfGreece_Package,No,,Bronze package not available for a guest count lower than 50
HB2025,8,2,control_checkbox,Taste of Greece- Please select a package,id_91,Yes (conditionally),,Max Selections: 1; Min Selections: 1
HB2025,8,3,control_checkbox,A Taste of Greece - Bronze - Mains - Pick 3,id_191,Yes (conditionally),,Max Selections: 3; Min Selections: 3
HB2025,8,4,control_checkbox,A Taste of Greece - Bronze - Sides - Pick 3,id_92,Yes (conditionally),,Max Selections: 3; Min Selections: 3
HB2025,8,5,control_checkbox,A Taste of Greece - Bronze - Salads - Pick 2,id_194,Yes (conditionally),,Max Selections: 2; Min Selections: 2
HB2025,9,1,control_head,Kebab Party,Header_KebabParty_Package,No,,Bronze package not available for a guest count lower than 50
HB2025,9,2,control_checkbox,Kebab Party- Please select a package,id_94,Yes (conditionally),,Max Selections: 1; Min Selections: 1
HB2025,9,3,control_checkbox,Kebab Party - Bronze - Protein choice - Pick 3,id_95,Yes (conditionally),,Max Selections: 3; Min Selections: 3
HB2025,9,4,control_checkbox,Kebab Party - Bronze - Side choice - Pick 3,id_211,Yes (conditionally),,Max Selections: 3; Min Selections: 3
HB2025,9,5,control_checkbox,Kebab Party - Bronze - Salad choice - Pick 2,id_218,Yes (conditionally),,Max Selections: 2; Min Selections: 2
HB2025,10,1,control_head,A Taste of Italy,Header_TasteOfItaly_Package,No,,Bronze package not available for a guest count lower than 50
HB2025,10,2,control_checkbox,A taste of Italy- Please select a package,id_418,Yes (conditionally),,Max Selections: 1; Min Selections: 1
HB2025,10,3,control_checkbox,Taste of Italy - Bronze - Main choice - Pick 2,id_398,Yes (conditionally),,Max Selections: 2; Min Selections: 2
HB2025,10,4,control_checkbox,Taste of Italy - Bronze - Side choice - Pick 3,id_399,Yes (conditionally),,Max Selections: 3; Min Selections: 3
HB2025,10,5,control_checkbox,Taste of Italy - Bronze - Pasta Choice - Pick 1,id_400,Yes (conditionally),,Max Selections: 1; Min Selections: 1
HB2025,10,6,control_checkbox,Taste of Italy - Bronze - Salad Choice - Pick 1,id_401,Yes (conditionally),,Max Selections: 1; Min Selections: 1
HB2025,11,1,control_radio,Which Category would you like to choose from first?,id_459,Yes (conditionally),,This question appears if "Custom Menu" is selected.
HB2025,12,1,control_head,Taco Fiesta,id_461,No,,Custom Menu Selection
HB2025,12,2,control_checkbox,Taco Fiesta - Proteins,id_462,No (conditionally),,Custom Menu Item Selection
HB2025,12,3,control_checkbox,Taco Fiesta Sides -,id_463,No (conditionally),,Custom Menu Item Selection
HB2025,12,4,control_checkbox,Taco Fiesta -Salsas,id_464,No (conditionally),,Custom Menu Item Selection
HB2025,12,5,control_checkbox,Taco Fiesta Condiments -,id_465,No (conditionally),,Custom Menu Item Selection
HB2025,13,1,control_head,American BBQ,id_468,No,,Custom Menu Selection
HB2025,13,2,control_checkbox,American BBQ - Mains,id_469,No (conditionally),,Custom Menu Item Selection
HB2025,13,3,control_checkbox,American BBQ - Side choice - Pick 2,id_601,No (conditionally),,Custom Menu Item Selection (Note: ID might be reused from package)
HB2025,13,4,control_checkbox,American BBQ -Salads,id_470,No (conditionally),,Custom Menu Item Selection
HB2025,13,5,control_checkbox,American BBQ Sauces,id_471,No (conditionally),,Custom Menu Item Selection
HB2025,13,6,control_checkbox,American BBQ - Condiments,id_472,No (conditionally),,Custom Menu Item Selection
HB2025,14,1,control_head,A Taste of Greece,Header_CustomTasteOfGreece,No,,Custom Menu Selection
HB2025,14,2,control_checkbox,A Taste of Greece - Mains,id_custom_greece_mains,No (conditionally),,Custom Menu Item Selection (Placeholder ID)
HB2025,14,3,control_checkbox,A Taste of Greece - Sides,id_custom_greece_sides,No (conditionally),,Custom Menu Item Selection (Placeholder ID)
HB2025,14,4,control_checkbox,A Taste of Greece - Salads,id_custom_greece_salads,No (conditionally),,Custom Menu Item Selection (Placeholder ID)
HB2025,15,1,control_head,Kebab Party,Header_CustomKebabParty,No,,Custom Menu Selection
HB2025,15,2,control_checkbox,Kebab Party - Proteins,id_custom_kebab_proteins,No (conditionally),,Custom Menu Item Selection (Placeholder ID)
HB2025,15,3,control_checkbox,Kebab Party - Sides,id_custom_kebab_sides,No (conditionally),,Custom Menu Item Selection (Placeholder ID)
HB2025,15,4,control_checkbox,Kebab Party - Salads,id_custom_kebab_salads,No (conditionally),,Custom Menu Item Selection (Placeholder ID)
HB2025,16,1,control_head,A Taste of Italy,Header_CustomTasteOfItaly,No,,Custom Menu Selection
HB2025,16,2,control_checkbox,A Taste of Italy - Mains,id_custom_italy_mains,No (conditionally),,Custom Menu Item Selection (Placeholder ID)
HB2025,16,3,control_checkbox,A Taste of Italy - Sides,id_custom_italy_sides,No (conditionally),,Custom Menu Item Selection (Placeholder ID)
HB2025,16,4,control_checkbox,A Taste of Italy - Pastas,id_custom_italy_pastas,No (conditionally),,Custom Menu Item Selection (Placeholder ID)
HB2025,16,5,control_checkbox,A Taste of Italy - Salads,id_custom_italy_salads,No (conditionally),,Custom Menu Item Selection (Placeholder ID)
HB2025,17,1,control_head,Vegan Menu,Header_CustomVeganMenu,No,,Custom Menu Selection
HB2025,17,2,control_checkbox,Vegan Menu - Appetizers,id_custom_vegan_appetizers,No (conditionally),,Custom Menu Item Selection (Placeholder ID)
HB2025,17,3,control_checkbox,Vegan Menu - Mains,id_custom_vegan_mains,No (conditionally),,Custom Menu Item Selection (Placeholder ID)
HB2025,17,4,control_checkbox,Vegan Menu - Sides,id_custom_vegan_sides,No (conditionally),,Custom Menu Item Selection (Placeholder ID)
HB2025,17,5,control_checkbox,Vegan Menu - Desserts,id_custom_vegan_desserts,No (conditionally),,Custom Menu Item Selection (Placeholder ID)
HB2025,18,1,control_radio,Which Category would you like to choose from next?,id_466,Yes (conditionally),,Appears after a custom menu category is filled.
HB2025,19,1,control_head,Hor d' oeuvres,id_180,No,,
HB2025,19,2,control_text,Hor d' oeuvres Description,id_186,No,,Please choose from the tables below indicating the amount of each item...
HB2025,19,3,control_radio,Service Style,id_245,Yes (conditionally),,For Hor d'oeuvres
HB2025,19,4,control_matrix,Hor d' oeuvres Tea Sandwiches --Offered in lots of 48,id_236,No (conditionally),,Columns: 36,48,96,144,clear choice
HB2025,19,5,control_matrix,Hor d' oeuvres Shooters -,id_237,No (conditionally),,Columns: 36,48,72,96,Clear Choice
HB2025,19,6,control_checkbox,Spreads - $6.50 per person - Served with Pita bread, and crudite. (Select 3 spreads),id_548,No (conditionally),,Select 3 spreads
HB2025,19,7,control_checkbox,Enter number of servings,id_552,No (conditionally),,For Spreads
HB2025,20,1,control_matrix,Dessert Selections,id_504,No (conditionally),,Columns: 36,48,72,96,144,Clear Choice
HB2025,20,2,control_textarea,Dietary Notes,id_560,No,,
HB2025,21,1,control_head,Beverage Service,id_264,No,,
HB2025,21,2,control_radio,Beverage Service type,id_567,No (conditionally),,
HB2025,21,3,control_number,Number of guests,id_569,No (conditionally),,Value copied from id_19
HB2025,21,4,control_number,Number of drinking aged guests,id_591,No (conditionally),,
HB2025,21,5,control_number,Bar service period,id_585,No (conditionally),,
HB2025,21,6,control_radio,What type of Bartending Service are you requesting?,id_721,No (conditionally),,
HB2025,21,7,control_checkbox,What we are serving (Dry Hire),id_582,No (conditionally),,
HB2025,21,8,control_radio,Add additional Cocktails? (Dry Hire),id_719,No (conditionally),,
HB2025,21,9,control_number,How many additional cocktails? (Dry Hire),id_720,No (conditionally),,
HB2025,21,10,control_checkbox,What we are serving (Wet Hire),id_722,No (conditionally),,
HB2025,21,11,control_radio,Add additional Cocktails? (Wet Hire),id_724,No (conditionally),,
HB2025,21,12,control_number,How many additional cocktails? (Wet Hire),id_723,No (conditionally),,
HB2025,21,13,control_radio,Liquor Quality,id_726,No (conditionally),,
HB2025,21,14,control_textarea,Use this box to notate any particular spirit brands you require,id_727,No (conditionally),,
HB2025,21,15,control_radio,Add Bar Equipment,id_595,No (conditionally),,
HB2025,21,16,control_matrix,Bar Equipment,id_597,No (conditionally),,Columns: Amount, Total
HB2025,21,17,control_radio,Add Non-alcoholic beverages?,id_594,No (conditionally),,
HB2025,21,18,control_matrix,Non Alcoholic Beverage service: Enter the amount of each item in corresponding column.,id_353,No (conditionally),,Columns: Enter Amount, Total
HB2025,21,19,control_radio,Table water service? ($2.50 pp),id_730,No (conditionally),,
HB2025,22,1,control_head,Equipment Rentals & Serving Ware,id_263,No,,
HB2025,22,2,control_matrix,Furniture,id_422,No (conditionally),,Columns: Amount, Total
HB2025,22,3,control_matrix,Linens,id_352,No (conditionally),,Columns: Amount, Total
HB2025,22,4,control_matrix,Serving Ware,id_269,No (conditionally),,Columns: Amount, Total
HB2025,23,1,control_textarea,"Please list any comment/concerns/special requests. There is a Dietary restriction page to follow.",id_494,No,,
HB2025,23,2,control_radio,Would you like to add any appetizers to your quote?,id_495,No,,
HB2025,24,1,control_head,Totals,id_282,No,,
HB2025,24,2,control_textarea,Food and Beverage,id_446,No,,Summary Text Area
HB2025,24,3,control_textarea,Equipment/Linens/Serving Ware,id_448,No,,Summary Text Area
HB2025,24,4,control_textarea,Service Fee Note (Full Service),id_516,No (conditionally),,
HB2025,24,5,control_textarea,Service Fee Note (Standard Service),id_717,No (conditionally),,
HB2025,24,6,control_textarea,Service Fee Note (General),id_716,No,,Text area for general service fee notes
HB2025,24,7,control_textarea,Notes,id_508,No,,
HB2025,24,8,control_textbox,Coupon Code,id_455,No,,
